{"name":"c6f2dcd1-d40f-47c1-80ee-4faa3df1a166","id":"/providers/Microsoft.Flow/flows/c6f2dcd1-d40f-47c1-80ee-4faa3df1a166","type":"Microsoft.Flow/flows","properties":{"apiId":"/providers/Microsoft.PowerApps/apis/shared_logicflows","displayName":"bluesky_literature_bot","definition":{"metadata":{"workflowEntityId":null,"processAdvisorMetadata":null,"flowChargedByPaygo":null,"flowclientsuspensionreason":"None","flowclientsuspensiontime":null,"flowclientsuspensionreasondetails":null,"creator":{"id":"8b26ec9b-1a90-4f40-b362-810e91d81bdc","type":"User","tenantId":"e37d725c-ab5c-4624-9ae5-f0533e486437"},"provisioningMethod":"FromDefinition","failureAlertSubscription":true,"clientLastModifiedTime":"2024-05-28T22:53:35.0573667Z","connectionKeySavedTimeKey":"2024-05-28T22:53:35.0573667Z"},"$schema":"https://schema.management.azure.com/providers/Microsoft.Logic/schemas/2016-06-01/workflowdefinition.json#","contentVersion":"undefined","parameters":{"$authentication":{"defaultValue":{},"type":"SecureObject"},"$connections":{"defaultValue":{},"type":"Object"}},"triggers":{"Recurrence":{"recurrence":{"frequency":"Week","interval":1,"timeZone":"AUS Eastern Standard Time","schedule":{"hours":["19"],"minutes":[0],"weekDays":["Monday"]}},"metadata":{"operationMetadataId":"c3fb829b-c027-4ef7-b014-50bbcaf716d2"},"type":"Recurrence"}},"actions":{"BlueskyUsername":{"runAfter":{"Keywords":["Succeeded"]},"metadata":{"operationMetadataId":"569ec9b9-04c9-4678-995c-74e885fb496d"},"type":"InitializeVariable","inputs":{"variables":[{"name":"BlueskyUsername","type":"string","value":"your_username.bsky.social"}]}},"BlueskyAPIPassword":{"runAfter":{"BlueskyUsername":["Succeeded"]},"metadata":{"operationMetadataId":"04622b5d-50dc-46d8-8ac5-e8793965af09"},"type":"InitializeVariable","inputs":{"variables":[{"name":"BlueskyAPIPassword","type":"string","value":"1234-xxxx-1234-xxxx"}]}},"PostToBluesky":{"foreach":"@variables('FilteredPapers')","actions":{"Title":{"runAfter":{"CurrentPaper":["Succeeded"]},"metadata":{"operationMetadataId":"7a05d820-218a-46a5-af5a-be8f378d13fc"},"type":"Compose","inputs":"@item()?['title']"},"Link":{"runAfter":{"ShortTitle":["Succeeded"]},"metadata":{"operationMetadataId":"f49fa7d0-4937-4407-816d-d255b1c67a45"},"type":"Compose","inputs":"@item()?['primaryLink']"},"CurrentPaper":{"metadata":{"operationMetadataId":"2528cdb5-7b34-4936-b199-e08d36e4623c"},"type":"Compose","inputs":"@items('PostToBluesky')"},"CleanLink":{"runAfter":{"Link":["Succeeded"]},"metadata":{"operationMetadataId":"de7a5c07-98c3-4036-a3b2-ddce3a43986c"},"type":"Compose","inputs":"@split(outputs('Link'), '?')[0]"},"CleanTitle":{"runAfter":{"Title":["Succeeded"]},"metadata":{"operationMetadataId":"c37b55d1-fb56-447f-bbed-179b8422c3a5"},"type":"Compose","inputs":"@replace(join(xpath(xml(concat('<root>', outputs('Title'), '</root>')), '//text()'), ''), '\\n', '')"},"ShortTitle":{"runAfter":{"CleanTitle":["Succeeded"]},"metadata":{"operationMetadataId":"44b3ea58-2f33-468c-8bdd-1cfd578f3fb1"},"type":"Compose","inputs":"@if(greater(length(outputs('CleanTitle')), 260), substring(outputs('CleanTitle'), 0, 260), outputs('CleanTitle'))"},"PostContent":{"runAfter":{"CleanLink":["Succeeded"]},"metadata":{"operationMetadataId":"ee5df667-48d8-4d18-98be-85c0966e536a"},"type":"Compose","inputs":"@concat(outputs('ShortTitle'), ' ', outputs('CleanLink'))"},"RefreshAccessToken":{"runAfter":{"PostContent":["Succeeded"]},"metadata":{"operationMetadataId":"0938982a-b575-4173-96e5-69d6c801092d"},"type":"Http","inputs":{"uri":"https://bsky.social/xrpc/com.atproto.server.refreshSession","method":"POST","headers":{"Accept":"application/json","Authorization":"Bearer @{variables('RefreshToken')}"}},"runtimeConfiguration":{"contentTransfer":{"transferMode":"Chunked"}}},"ParseRefreshResponse":{"runAfter":{"RefreshAccessToken":["Succeeded"]},"metadata":{"operationMetadataId":"8119db92-c105-489b-9e09-d5f04c9909fc"},"type":"ParseJson","inputs":{"content":"@body('RefreshAccessToken')","schema":{"type":"object","properties":{"accessJwt":{"type":"string"}}}}},"UpdateAccessToken":{"runAfter":{"ParseRefreshResponse":["Succeeded"]},"metadata":{"operationMetadataId":"3f352768-1903-417d-a58d-7ca542078b0c"},"type":"SetVariable","inputs":{"name":"AccessToken","value":"@body('ParseRefreshResponse')?['accessJwt']"}},"PostToBlueskyAPI":{"runAfter":{"UpdateAccessToken":["Succeeded"]},"metadata":{"operationMetadataId":"419259dc-c85d-48f6-b257-3a71bf67d6f5"},"type":"Http","inputs":{"uri":"https://bsky.social/xrpc/com.atproto.repo.createRecord","method":"POST","headers":{"Content-Type":"application/json","Authorization":"Bearer @{variables('AccessToken')}"},"body":{"collection":"app.bsky.feed.post","repo":"@{variables('BlueskyUsername')}","record":{"$type":"app.bsky.feed.post","text":"@{outputs('PostContent')}","facets":[{"index":{"byteStart":"@add(length(outputs('ShortTitle')), 1)","byteEnd":"@length(outputs('PostContent'))"},"features":[{"$type":"app.bsky.richtext.facet#link","uri":"@{outputs('CleanLink')}"}]}],"createdAt":"@{utcNow()}"}}},"runtimeConfiguration":{"contentTransfer":{"transferMode":"Chunked"}}},"Delay":{"runAfter":{"PostToBlueskyAPI":["Succeeded"]},"metadata":{"operationMetadataId":"856ee922-5549-4d48-94cd-8661c7d2f9fa"},"type":"Wait","inputs":{"interval":{"count":"@outputs('MinutesBetweenPosts')","unit":"Minute"}}}},"runAfter":{"MinutesBetweenPosts":["Succeeded"]},"metadata":{"operationMetadataId":"5a9c9c82-7517-4483-9559-cda339543de0"},"type":"Foreach"},"GetAccessToken":{"runAfter":{"BlueskyAPIPassword":["Succeeded"]},"metadata":{"operationMetadataId":"fa2592c8-6164-4c58-a6a5-0332ff293a9e"},"type":"Http","inputs":{"uri":"https://bsky.social/xrpc/com.atproto.server.createSession","method":"POST","headers":{"Content-Type":"application/json"},"body":{"identifier":"@{variables('BlueskyUsername')}","password":"@{variables('BlueskyAPIPassword')}"}},"runtimeConfiguration":{"contentTransfer":{"transferMode":"Chunked"}}},"Parse_JSON":{"runAfter":{"GetAccessToken":["Succeeded"]},"metadata":{"operationMetadataId":"c40017ec-0713-4173-be3c-160daf5c228f"},"type":"ParseJson","inputs":{"content":"@body('GetAccessToken')","schema":{"type":"object","properties":{"accessJwt":{"type":"string"},"refreshJwt":{"type":"string"}}}}},"AccessToken":{"runAfter":{"Parse_JSON":["Succeeded"]},"metadata":{"operationMetadataId":"b3dc56d7-596e-4056-b209-a90f9ca99794"},"type":"InitializeVariable","inputs":{"variables":[{"name":"AccessToken","type":"string","value":"@body('Parse_JSON')?['accessJwt']"}]}},"RefreshToken":{"runAfter":{"AccessToken":["Succeeded"]},"metadata":{"operationMetadataId":"96f4edba-a01a-438b-9db4-c8725d9b4cfd"},"type":"InitializeVariable","inputs":{"variables":[{"name":"RefreshToken","type":"string","value":"@body('Parse_JSON')?['refreshJwt']"}]}},"PostCount":{"runAfter":{"Set_FilteredPapers_to_RemoveDuplicates":["Succeeded"]},"metadata":{"operationMetadataId":"0e20f1f7-b2a6-484f-b182-88047a275f54"},"type":"Compose","inputs":"@length(variables('FilteredPapers'))"},"MinutesBetweenPosts":{"runAfter":{"PostCount":["Succeeded"]},"metadata":{"operationMetadataId":"27e920c1-24c7-458c-83d6-f9747038060d"},"type":"Compose","inputs":"@div(1380, outputs('PostCount'))"},"AllBioRxivRssFeeds":{"runAfter":{},"metadata":{"operationMetadataId":"b6857ec5-1d32-4db0-adbc-0f0d5e8fa8fc"},"type":"InitializeVariable","inputs":{"variables":[{"name":"FeedURLs","type":"array","value":["http://connect.biorxiv.org/biorxiv_xml.php?subject=animal_behavior","http://connect.biorxiv.org/biorxiv_xml.php?subject=biochemistry","http://connect.biorxiv.org/biorxiv_xml.php?subject=bioinformatics","http://connect.biorxiv.org/biorxiv_xml.php?subject=biophysics","http://connect.biorxiv.org/biorxiv_xml.php?subject=cancer_biology","http://connect.biorxiv.org/biorxiv_xml.php?subject=cell_biology","http://connect.biorxiv.org/biorxiv_xml.php?subject=developmental_biology","http://connect.biorxiv.org/biorxiv_xml.php?subject=ecology","http://connect.biorxiv.org/biorxiv_xml.php?subject=evolutionary_biology","http://connect.biorxiv.org/biorxiv_xml.php?subject=genetics","http://connect.biorxiv.org/biorxiv_xml.php?subject=genomics","http://connect.biorxiv.org/biorxiv_xml.php?subject=immunology","http://connect.biorxiv.org/biorxiv_xml.php?subject=microbiology","http://connect.biorxiv.org/biorxiv_xml.php?subject=molecular_biology","http://connect.biorxiv.org/biorxiv_xml.php?subject=neuroscience","http://connect.biorxiv.org/biorxiv_xml.php?subject=paleontology","http://connect.biorxiv.org/biorxiv_xml.php?subject=pathology","http://connect.biorxiv.org/biorxiv_xml.php?subject=pharmacology","http://connect.biorxiv.org/biorxiv_xml.php?subject=physiology","http://connect.biorxiv.org/biorxiv_xml.php?subject=plant_biology","http://connect.biorxiv.org/biorxiv_xml.php?subject=scientific_communication_and_education","http://connect.biorxiv.org/biorxiv_xml.php?subject=synthetic_biology","http://connect.biorxiv.org/biorxiv_xml.php?subject=systems_biology","http://connect.biorxiv.org/biorxiv_xml.php?subject=zoology"]}]}},"LoopThroughFeeds":{"foreach":"@variables('FeedURLs')","actions":{"FetchAndFilterFeed":{"actions":{"List_all_RSS_feed_items":{"metadata":{"operationMetadataId":"e2f0b25d-1d3b-4315-a583-520e0ec2a545"},"type":"OpenApiConnection","inputs":{"parameters":{"feedUrl":"@items('LoopThroughFeeds')","sinceProperty":"PublishDate"},"host":{"apiId":"/providers/Microsoft.PowerApps/apis/shared_rss","connectionName":"shared_rss","operationId":"ListFeedItems"},"authentication":"@parameters('$authentication')"}},"FilterArray":{"runAfter":{"List_all_RSS_feed_items":["Succeeded"]},"metadata":{"operationMetadataId":"6ece4562-af40-41d6-9d3a-bd8c02ecce4f"},"type":"Query","inputs":{"from":"@body('List_all_RSS_feed_items')","where":"@greaterOrEquals(formatDateTime(item()?['publishDate'], 'yyyy-MM-dd'),formatDateTime(addDays(utcNow(), -100), 'yyyy-MM-dd'))"}},"UpdateOldAllPapers":{"runAfter":{"FilterArray":["Succeeded"]},"metadata":{"operationMetadataId":"f59ed953-1e5e-43be-abe5-a6bfa5e7ab20"},"type":"SetVariable","inputs":{"name":"OldAllPapers","value":"@variables('AllPapers')"}},"UpdateAllPapers":{"runAfter":{"UpdateOldAllPapers":["Succeeded"]},"metadata":{"operationMetadataId":"205045c9-1c4e-4441-ba84-17bf7332f7dc"},"type":"SetVariable","inputs":{"name":"AllPapers","value":"@union(variables('OldAllPapers'), body('FilterArray'))"}}},"metadata":{"operationMetadataId":"4102ab25-3be6-4b4c-bfff-28a511994c0d"},"type":"Scope"},"ErrorHandler":{"actions":{"ErrorLog":{"metadata":{"operationMetadataId":"683a0175-3936-4f96-b9f7-f174e58dcc0d"},"type":"Compose","inputs":"Something went wrong with fetching or filtering the feed."}},"runAfter":{"FetchAndFilterFeed":["Failed","TimedOut"]},"metadata":{"operationMetadataId":"fb51b4c0-d4a3-45a4-bf55-b5b96b26ecb7"},"type":"Scope"}},"runAfter":{"OldAllPapers":["Succeeded"]},"metadata":{"operationMetadataId":"40107d01-f27e-4c67-bd8e-9782701d23da"},"type":"Foreach"},"AllPapers":{"runAfter":{"RefreshToken":["Succeeded"]},"metadata":{"operationMetadataId":"14cd437b-8ae5-4fcd-b717-06247e28e662"},"type":"InitializeVariable","inputs":{"variables":[{"name":"AllPapers","type":"array","value":[]}]}},"OldAllPapers":{"runAfter":{"AllPapers":["Succeeded"]},"metadata":{"operationMetadataId":"264b6473-1a9f-45ee-a7a1-d9952a1f3973"},"type":"InitializeVariable","inputs":{"variables":[{"name":"OldAllPapers","type":"array","value":[]}]}},"Keywords":{"runAfter":{"OtherRssFeeds":["Succeeded"]},"metadata":{"operationMetadataId":"b6857ec5-1d32-4db0-adbc-0f0d5e8fa8fc"},"type":"InitializeVariable","inputs":{"variables":[{"name":"Keywords","type":"array","value":["phylogenetics","phylogenomics","phylogenetic analysis","phylogenomic analysis","ancestral recombination graph"]}]}},"LoopThroughPapers":{"foreach":"@variables('AllPapers')","actions":{"LoopThroughKeywords":{"foreach":"@variables('Keywords')","actions":{"Condition":{"actions":{"Append_to_array_variable":{"metadata":{"operationMetadataId":"d320d263-a444-43d3-9c59-f7e7c667953f"},"type":"AppendToArrayVariable","inputs":{"name":"FilteredPapers","value":"@items('LoopThroughPapers')"}}},"runAfter":{"GetCurrentPaperSummary":["Succeeded"]},"else":{"actions":{}},"expression":{"and":[{"equals":["@       or(\n          contains(toLower(items('LoopThroughPapers')['title']), toLower(items('LoopThroughKeywords'))),\n          contains(toLower(items('LoopThroughPapers')['summary']), toLower(items('LoopThroughKeywords')))\n       )\n",true]}]},"metadata":{"operationMetadataId":"9bed6993-92cc-45d4-b43f-3da5f271aa15"},"type":"If"},"CurrentKeyword":{"metadata":{"operationMetadataId":"2c0a7a8e-1487-4f24-998c-e09346e75da9"},"type":"Compose","inputs":"@items('LoopThroughKeywords')"},"GetCurrentPaperTitle":{"runAfter":{"CurrentKeyword":["Succeeded"]},"metadata":{"operationMetadataId":"c73866f8-f59a-46af-8767-35f163f303d0"},"type":"Compose","inputs":"@items('LoopThroughPapers')['title']"},"GetCurrentPaperSummary":{"runAfter":{"GetCurrentPaperTitle":["Succeeded"]},"metadata":{"operationMetadataId":"413f5761-6112-44b6-b4ac-1a3f7fdd1598"},"type":"Compose","inputs":"@items('LoopThroughPapers')['summary']"}},"metadata":{"operationMetadataId":"e839983b-e2a1-4dbb-b11b-fe47707ff102"},"type":"Foreach"}},"runAfter":{"FilteredPapers":["Succeeded"]},"metadata":{"operationMetadataId":"7f31302b-6943-4141-8d6f-aef6eb50baf0"},"type":"Foreach"},"FilteredPapers":{"runAfter":{"LoopThroughFeeds":["Succeeded"]},"metadata":{"operationMetadataId":"0574c5ae-7799-416d-9ac1-a6ce6e29a765"},"type":"InitializeVariable","inputs":{"variables":[{"name":"FilteredPapers","type":"array","value":[]}]}},"RemoveDuplicates":{"runAfter":{"PostCountPreFiltering":["Succeeded"]},"metadata":{"operationMetadataId":"75b07af3-8f06-43a4-a1d6-f9f5e7585191"},"type":"Compose","inputs":"@union(variables('FilteredPapers'), variables('FilteredPapers'))"},"Set_FilteredPapers_to_RemoveDuplicates":{"runAfter":{"RemoveDuplicates":["Succeeded"]},"metadata":{"operationMetadataId":"10dc081a-8740-4dce-bdc6-f65a529774a2"},"type":"SetVariable","inputs":{"name":"FilteredPapers","value":"@outputs('RemoveDuplicates')"}},"OtherRssFeeds":{"runAfter":{"AllBioRxivRssFeeds":["Succeeded"]},"type":"InitializeVariable","inputs":{"variables":[{"name":"OtherFeedURLs","type":"array","value":["https://pubmed.ncbi.nlm.nih.gov/rss/search/1tYbWOIP0tIVreX9rPCvdGmmbxHJobuBntOy3VyMFivsPJcEG1/?limit=100&utm_campaign=pubmed-2&fc=20240528181849","https://pubmed.ncbi.nlm.nih.gov/rss/search/1bUrbZONKdKY6mFb4tOeokyXplUngAStuFKAcG88ZfRCNqFE5a/?limit=100&utm_campaign=pubmed-2&fc=20240528181921","https://export.arxiv.org/api/query?search_query=all:phylogen*&start=0&max_results=100&sortBy=lastUpdatedDate&sortOrder=descending","https://export.arxiv.org/api/query?search_query=all:%22ancestral%20recombination%20graph%22&start=0&max_results=100&sortBy=lastUpdatedDate&sortOrder=descending"]}]}},"LoopThroughOtherRssFeeds":{"foreach":"@variables('OtherFeedURLs')","actions":{"FetchAndFilterFeed2":{"actions":{"List_all_RSS_feed_items2":{"type":"OpenApiConnection","inputs":{"parameters":{"feedUrl":"@items('LoopThroughOtherRssFeeds')","sinceProperty":"PublishDate"},"host":{"apiId":"/providers/Microsoft.PowerApps/apis/shared_rss","connectionName":"shared_rss","operationId":"ListFeedItems"},"authentication":"@parameters('$authentication')"}},"FilterArray2":{"runAfter":{"List_all_RSS_feed_items2":["Succeeded"]},"metadata":{"operationMetadataId":"6ece4562-af40-41d6-9d3a-bd8c02ecce4f"},"type":"Query","inputs":{"from":"@body('List_all_RSS_feed_items2')","where":"@greaterOrEquals(formatDateTime(item()?['publishDate'], 'yyyy-MM-dd'),formatDateTime(addDays(utcNow(), -100), 'yyyy-MM-dd'))"}},"AddNewPapersToFiliteredPapers":{"runAfter":{"RecentPapers":["Succeeded"]},"metadata":{"operationMetadataId":"75b07af3-8f06-43a4-a1d6-f9f5e7585191"},"type":"Compose","inputs":"@union(variables('FilteredPapers'), outputs('RecentPapers'))"},"SetFilteredPapers":{"runAfter":{"AddNewPapersToFiliteredPapers":["Succeeded"]},"type":"SetVariable","inputs":{"name":"FilteredPapers","value":"@outputs('AddNewPapersToFiliteredPapers')"}},"RecentPapers":{"runAfter":{"FilterArray2":["Succeeded"]},"type":"Compose","inputs":"@body('FilterArray2')"}},"type":"Scope"},"ErrorHandler2":{"actions":{},"runAfter":{"FetchAndFilterFeed2":["TimedOut","Failed"]},"type":"Scope"}},"runAfter":{"OldFilteredPapers":["Succeeded"]},"type":"Foreach"},"OldFilteredPapers":{"runAfter":{"LoopThroughPapers":["Succeeded"]},"type":"InitializeVariable","inputs":{"variables":[{"name":"OldFilteredPapers","type":"array","value":[]}]}},"PostCountPreFiltering":{"runAfter":{"LoopThroughOtherRssFeeds":["Succeeded"]},"metadata":{"operationMetadataId":"0e20f1f7-b2a6-484f-b182-88047a275f54"},"type":"Compose","inputs":"@length(variables('FilteredPapers'))"}},"description":"Grabs pubmed papers from an RSS feed and posts them on bluesky"},"connectionReferences":{"shared_rss":{"connectionName":"shared-rss-ac81c388-1949-4a7d-85cf-136db630cfe1","source":"Embedded","id":"/providers/Microsoft.PowerApps/apis/shared_rss","tier":"NotSpecified"}},"flowFailureAlertSubscribed":false,"isManaged":false}}