{
    "name": "844fc76c-5c92-4764-a461-2bd5db2f0587",
    "id": "/providers/Microsoft.Flow/flows/844fc76c-5c92-4764-a461-2bd5db2f0587",
    "type": "Microsoft.Flow/flows",
    "properties": {
        "apiId": "/providers/Microsoft.PowerApps/apis/shared_logicflows",
        "displayName": "Trickle RSS feeds to Twitter",
        "definition": {
            "metadata": {
                "workflowEntityId": null,
                "creator": {
                    "id": "e5ee6dd5-a3fe-4e0d-b421-e555c08caa15",
                    "type": "User",
                    "tenantId": "fd9a9da1-31cd-4cde-b630-e06dac2eca98"
                },
                "provisioningMethod": "FromDefinition",
                "failureAlertSubscription": true,
                "clientLastModifiedTime": "2019-04-18T13:13:32.7211077Z"
            },
            "$schema": "https://schema.management.azure.com/providers/Microsoft.Logic/schemas/2016-06-01/workflowdefinition.json#",
            "contentVersion": "1.0.0.0",
            "parameters": {
                "$connections": {
                    "defaultValue": {},
                    "type": "Object"
                },
                "$authentication": {
                    "defaultValue": {},
                    "type": "SecureObject"
                }
            },
            "triggers": {
                "Recurrence": {
                    "recurrence": {
                        "frequency": "Hour",
                        "interval": 12
                    },
                    "type": "Recurrence"
                }
            },
            "actions": {
                "List_all_RSS_feed_items": {
                    "runAfter": {},
                    "metadata": {
                        "flowSystemMetadata": {
                            "swaggerOperationId": "ListFeedItems"
                        }
                    },
                    "type": "ApiConnection",
                    "inputs": {
                        "host": {
                            "connection": {
                                "name": "@parameters('$connections')['shared_rss']['connectionId']"
                            },
                            "api": {
                                "runtimeUrl": "https://flow-apim-europe-001-westeurope-01.azure-apim.net/apim/rss"
                            }
                        },
                        "method": "get",
                        "path": "/ListFeedItems",
                        "queries": {
                            "feedUrl": "http://www.ncbi.nlm.nih.gov/entrez/eutils/erss.cgi?rss_guid=1LU7YBGfC-yDnaYBUcYLivlvzqhgKnWemjak5n2h7PxDtGFoHp",
                            "since": "@{addHours(utcNow(), -12)}"
                        },
                        "authentication": "@parameters('$authentication')"
                    },
                    "description": "Get the RSS feeds from the last 12 hours"
                },
                "Send_me_an_email_notification": {
                    "runAfter": {
                        "List_all_RSS_feed_items": [
                            "Succeeded"
                        ]
                    },
                    "metadata": {
                        "flowSystemMetadata": {
                            "swaggerOperationId": "SendEmailNotification"
                        }
                    },
                    "type": "ApiConnection",
                    "inputs": {
                        "host": {
                            "connection": {
                                "name": "@parameters('$connections')['shared_flowpush']['connectionId']"
                            },
                            "api": {
                                "runtimeUrl": "https://flow-apim-europe-001-northeurope-01.azure-apim.net/apim/flowpush"
                            }
                        },
                        "method": "post",
                        "body": {
                            "notificationSubject": "@{workflow()['tags']['flowDisplayName']}: Number of items: @{length(body('List_all_RSS_feed_items'))}",
                            "notificationBody": "Feed check at @{utcNow()}"
                        },
                        "path": "/sendEmailNotification",
                        "authentication": "@parameters('$authentication')"
                    }
                },
                "Apply_to_each": {
                    "foreach": "@body('List_all_RSS_feed_items')",
                    "actions": {
                        "Delay": {
                            "runAfter": {},
                            "type": "Wait",
                            "inputs": {
                                "interval": {
                                    "count": 5,
                                    "unit": "Minute"
                                }
                            }
                        },
                        "Post_a_tweet": {
                            "runAfter": {
                                "Delay": [
                                    "Succeeded"
                                ]
                            },
                            "metadata": {
                                "flowSystemMetadata": {
                                    "swaggerOperationId": "Tweet"
                                }
                            },
                            "type": "ApiConnection",
                            "inputs": {
                                "host": {
                                    "connection": {
                                        "name": "@parameters('$connections')['shared_twitter']['connectionId']"
                                    },
                                    "api": {
                                        "runtimeUrl": "https://flow-apim-europe-001-francecentral-01.azure-apim.net/apim/twitter"
                                    }
                                },
                                "method": "post",
                                "path": "/posttweet",
                                "queries": {
                                    "tweetText": "@{items('Apply_to_each')['title']}|@{items('Apply_to_each')?['primaryLink']}"
                                },
                                "authentication": "@parameters('$authentication')"
                            }
                        }
                    },
                    "runAfter": {
                        "List_all_RSS_feed_items": [
                            "Succeeded"
                        ]
                    },
                    "type": "Foreach"
                }
            },
            "outputs": {}
        },
        "connectionReferences": {
            "shared_rss": {
                "connectionName": "34913fea1a654970b48b18c8a9e730d8",
                "source": "Embedded",
                "id": "/providers/Microsoft.PowerApps/apis/shared_rss",
                "tier": "NotSpecified"
            },
            "shared_flowpush": {
                "connectionName": "3631dae1cfd94fbea743713e96e65b16",
                "source": "Embedded",
                "id": "/providers/Microsoft.PowerApps/apis/shared_flowpush",
                "tier": "NotSpecified"
            },
            "shared_twitter": {
                "connectionName": "053ec8573cb14faebb2fb5531abaf044",
                "source": "Embedded",
                "id": "/providers/Microsoft.PowerApps/apis/shared_twitter",
                "tier": "NotSpecified"
            }
        },
        "flowFailureAlertSubscribed": false
    }
}
