{
    "name": "2db3fcf5-96f2-4826-b761-eb716d3e1327",
    "id": "/providers/Microsoft.Flow/flows/2db3fcf5-96f2-4826-b761-eb716d3e1327",
    "type": "Microsoft.Flow/flows",
    "properties": {
        "apiId": "/providers/Microsoft.PowerApps/apis/shared_logicflows",
        "displayName": "Twitterbot Template",
        "definition": {
            "metadata": {
                "workflowEntityId": null,
                "creator": {
                    "id": "e5ee6dd5-a3fe-4e0d-b421-e555c08caa15",
                    "type": "User",
                    "tenantId": "fd9a9da1-31cd-4cde-b630-e06dac2eca98"
                },
                "provisioningMethod": "FromDefinition",
                "failureAlertSubscription": true,
                "clientLastModifiedTime": "2019-04-29T05:07:53.5290919Z"
            },
            "$schema": "https://schema.management.azure.com/providers/Microsoft.Logic/schemas/2016-06-01/workflowdefinition.json#",
            "contentVersion": "1.0.0.0",
            "parameters": {
                "$connections": {
                    "defaultValue": {},
                    "type": "Object"
                },
                "$authentication": {
                    "defaultValue": {},
                    "type": "SecureObject"
                }
            },
            "triggers": {
                "Recurrence": {
                    "recurrence": {
                        "frequency": "Day",
                        "interval": 1,
                        "timeZone": "W. Europe Standard Time",
                        "schedule": {
                            "hours": [
                                "5"
                            ]
                        }
                    },
                    "type": "Recurrence"
                }
            },
            "actions": {
                "List_all_RSS_feed_items": {
                    "runAfter": {
                        "Initialize_tweet_text": [
                            "Succeeded"
                        ]
                    },
                    "metadata": {
                        "flowSystemMetadata": {
                            "swaggerOperationId": "ListFeedItems"
                        }
                    },
                    "type": "ApiConnection",
                    "inputs": {
                        "host": {
                            "connection": {
                                "name": "@parameters('$connections')['shared_rss']['connectionId']"
                            },
                            "api": {
                                "runtimeUrl": "https://flow-apim-europe-001-northeurope-01.azure-apim.net/apim/rss"
                            }
                        },
                        "method": "get",
                        "path": "/ListFeedItems",
                        "queries": {
                            "feedUrl": "http://www.ncbi.nlm.nih.gov/entrez/eutils/erss.cgi?rss_guid=1LU7YBGfC-yDnaYBUcYLivlvzqhgKnWemjak5n2h7PxDtGFoHp"
                        },
                        "authentication": "@parameters('$authentication')"
                    },
                    "description": "Get the RSS feeds from the last 24 hours"
                },
                // "Tell_me_how_many_items": {
                //     "runAfter": {
                //         "List_all_RSS_feed_items": [
                //             "Succeeded"
                //         ]
                //     },
                //     "metadata": {
                //         "flowSystemMetadata": {
                //             "swaggerOperationId": "SendEmailNotification"
                //         }
                //     },
                //     "type": "ApiConnection",
                //     "inputs": {
                //         "host": {
                //             "connection": {
                //                 "name": "@parameters('$connections')['shared_flowpush']['connectionId']"
                //             },
                //             "api": {
                //                 "runtimeUrl": "https://flow-apim-europe-001-westeurope-01.azure-apim.net/apim/flowpush"
                //             }
                //         },
                //         "method": "post",
                //         "body": {
                //             "notificationSubject": "@{workflow()['tags']['flowDisplayName']} -- ran with  @{length(body('List_all_RSS_feed_items'))} items",
                //             "notificationBody": "Feed check at @{utcNow()} \n@{workflow()}"
                //         },
                //         "path": "/sendEmailNotification",
                //         "authentication": "@parameters('$authentication')"
                //     }
                // },
                "For_each_RSS_item,_do": {
                    "foreach": "@body('List_all_RSS_feed_items')",
                    "actions": {
                        "Try": {
                            "actions": {
                                "Post_a_tweet": {
                                    "runAfter": {},
                                    "metadata": {
                                        "flowSystemMetadata": {
                                            "swaggerOperationId": "Tweet"
                                        }
                                    },
                                    "type": "ApiConnection",
                                    "inputs": {
                                        "host": {
                                            "connection": {
                                                "name": "@parameters('$connections')['shared_twitter']['connectionId']"
                                            },
                                            "api": {
                                                "runtimeUrl": "https://flow-apim-europe-001-westeurope-01.azure-apim.net/apim/twitter"
                                            }
                                        },
                                        "method": "post",
                                        "path": "/posttweet",
                                        "queries": {
                                            "tweetText": "  @{variables('tweet_text')}"
                                        },
                                        "authentication": "@parameters('$authentication')"
                                    }
                                },
                                "Sleep_a_bit": {
                                    "runAfter": {
                                        "Post_a_tweet": [
                                            "Succeeded"
                                        ]
                                    },
                                    "type": "Wait",
                                    "inputs": {
                                        "interval": {
                                            "count": 5,
                                            "unit": "Minute"
                                        }
                                    }
                                }
                            },
                            "runAfter": {
                                "Condition": [
                                    "Succeeded"
                                ]
                            },
                            "type": "Scope"
                        },
                        // "Catch": {
                        //     "actions": {
                        //         "Notify_me_about_duplicate_post": {
                        //             "runAfter": {},
                        //             "metadata": {
                        //                 "flowSystemMetadata": {
                        //                     "swaggerOperationId": "SendEmailNotification"
                        //                 }
                        //             },
                        //             "type": "ApiConnection",
                        //             "inputs": {
                        //                 "host": {
                        //                     "connection": {
                        //                         "name": "@parameters('$connections')['shared_flowpush']['connectionId']"
                        //                     },
                        //                     "api": {
                        //                         "runtimeUrl": "https://flow-apim-europe-001-westeurope-01.azure-apim.net/apim/flowpush"
                        //                     }
                        //                 },
                        //                 "method": "post",
                        //                 "body": {
                        //                     "notificationSubject": "@{workflow()['tags']['flowDisplayName']} -- @{items('For_each_RSS_item,_do')['title']} already posted",
                        //                     "notificationBody": "@{workflow()['tags']['flowDisplayName']} tweet already posted"
                        //                 },
                        //                 "path": "/sendEmailNotification",
                        //                 "authentication": "@parameters('$authentication')"
                        //             }
                        //         }
                        //     },
                        //     "runAfter": {
                        //         "Try": [
                        //             "Failed"
                        //         ]
                        //     },
                        //     "type": "Scope"
                        // },
                        "Set_variable": {
                            "runAfter": {},
                            "type": "SetVariable",
                            "inputs": {
                                "name": "item_title",
                                "value": "@items('For_each_RSS_item,_do')['title']"
                            }
                        },
                        "Condition": {
                            "actions": {
                                "Set_tweet_text_truncated": {
                                    "runAfter": {},
                                    "type": "SetVariable",
                                    "inputs": {
                                        "name": "tweet_text",
                                        "value": "@{substring(variables('item_title'), 0, 253)}... @{items('For_each_RSS_item,_do')?['primaryLink']}"
                                    }
                                }
                            },
                            "runAfter": {
                                "Set_variable": [
                                    "Succeeded"
                                ]
                            },
                            "else": {
                                "actions": {
                                    "Set_tweet_text": {
                                        "runAfter": {},
                                        "type": "SetVariable",
                                        "inputs": {
                                            "name": "tweet_text",
                                            "value": "@{items('For_each_RSS_item,_do')['title']} @{items('For_each_RSS_item,_do')?['primaryLink']}"
                                        }
                                    }
                                }
                            },
                            "expression": {
                                "greater": [
                                    "@length(variables('item_title'))",
                                    256
                                ]
                            },
                            "type": "If"
                        }
                    },
                    "runAfter": {
                        "List_all_RSS_feed_items": [
                            "Succeeded"
                        ]
                    },
                    "type": "Foreach"
                },
                "Initialize_item_title": {
                    "runAfter": {},
                    "type": "InitializeVariable",
                    "inputs": {
                        "variables": [
                            {
                                "name": "item_title",
                                "type": "String"
                            }
                        ]
                    }
                },
                "Initialize_tweet_text": {
                    "runAfter": {
                        "Initialize_item_title": [
                            "Succeeded"
                        ]
                    },
                    "type": "InitializeVariable",
                    "inputs": {
                        "variables": [
                            {
                                "name": "tweet_text",
                                "type": "String"
                            }
                        ]
                    }
                }
            },
            "outputs": {}
        },
        "connectionReferences": {
            "shared_rss": {
                "connectionName": "f721985bc75b4880a8417a2789ccd773",
                "source": "Embedded",
                "id": "/providers/Microsoft.PowerApps/apis/shared_rss",
                "tier": "NotSpecified"
            },
            "shared_flowpush": {
                "connectionName": "c199ed26b873407a880f17735480d014",
                "source": "Embedded",
                "id": "/providers/Microsoft.PowerApps/apis/shared_flowpush",
                "tier": "NotSpecified"
            },
            "shared_twitter": {
                "connectionName": "shared-twitter-64cc1062-c49c-41d8-8768-dc0d3af3fc36",
                "source": "Embedded",
                "id": "/providers/Microsoft.PowerApps/apis/shared_twitter",
                "tier": "NotSpecified"
            }
        },
        "flowFailureAlertSubscribed": false
    }
}
