{
    "name": "1d2d91e6-2046-4887-a0b3-cde5a67203c3",
    "id": "/providers/Microsoft.Flow/flows/1d2d91e6-2046-4887-a0b3-cde5a67203c3",
    "type": "Microsoft.Flow/flows",
    "properties": {
        "apiId": "/providers/Microsoft.PowerApps/apis/shared_logicflows",
        "displayName": "Trickle RSS feeds to Twitter",
        "definition": {
            "metadata": {
                "workflowEntityId": null,
                "creator": {
                    "id": "e5ee6dd5-a3fe-4e0d-b421-e555c08caa15",
                    "type": "User",
                    "tenantId": "fd9a9da1-31cd-4cde-b630-e06dac2eca98"
                },
                "provisioningMethod": "FromDefinition",
                "failureAlertSubscription": true,
                "clientLastModifiedTime": "2019-06-11T07:26:17.0173126Z"
            },
            "$schema": "https://schema.management.azure.com/providers/Microsoft.Logic/schemas/2016-06-01/workflowdefinition.json#",
            "contentVersion": "1.0.0.0",
            "parameters": {
                "$connections": {
                    "defaultValue": {},
                    "type": "Object"
                },
                "$authentication": {
                    "defaultValue": {},
                    "type": "SecureObject"
                }
            },
            "triggers": {
                "Recurrence": {
                    "recurrence": {
                        "frequency": "Day",
                        "interval": 1,
                        "timeZone": "W. Europe Standard Time",
                        "schedule": {
                            "hours": [
                                "5"
                            ]
                        }
                    },
                    "type": "Recurrence"
                }
            },
            "actions": {
                "Initialize_item_title": {
                    "runAfter": {},
                    "type": "InitializeVariable",
                    "inputs": {
                        "variables": [
                            {
                                "name": "item_title",
                                "type": "String"
                            }
                        ]
                    }
                },
                "Initialize_tweet_text": {
                    "runAfter": {
                        "Initialize_item_title": [
                            "Succeeded"
                        ]
                    },
                    "type": "InitializeVariable",
                    "inputs": {
                        "variables": [
                            {
                                "name": "tweet_text",
                                "type": "String"
                            }
                        ]
                    }
                },
                "Initialize_first_feed_title": {
                    "runAfter": {
                        "Initialize_tweet_text": [
                            "Succeeded"
                        ]
                    },
                    "type": "InitializeVariable",
                    "inputs": {
                        "variables": [
                            {
                                "name": "first_feed_title",
                                "type": "String"
                            }
                        ]
                    }
                },
                "Set_first_feed_title": {
                    "runAfter": {
                        "List_all_RSS_feed_items": [
                            "Succeeded"
                        ]
                    },
                    "type": "SetVariable",
                    "inputs": {
                        "name": "first_feed_title",
                        "value": "@{body('List_all_RSS_feed_items')?[0]?['title']}"
                    }
                },
                "List_all_RSS_feed_items": {
                    "runAfter": {
                        "Initialize_first_feed_title": [
                            "Succeeded"
                        ]
                    },
                    "metadata": {
                        "flowSystemMetadata": {
                            "swaggerOperationId": "ListFeedItems"
                        }
                    },
                    "type": "ApiConnection",
                    "inputs": {
                        "host": {
                            "connection": {
                                "name": "@parameters('$connections')['shared_rss']['connectionId']"
                            },
                            "api": {
                                "runtimeUrl": "https://flow-apim-europe-001-northeurope-01.azure-apim.net/apim/rss"
                            }
                        },
                        "method": "get",
                        "path": "/ListFeedItems",
                        "queries": {
                            "feedUrl": "http://www.ncbi.nlm.nih.gov/entrez/eutils/erss.cgi?rss_guid=1LU7YBGfC-yDnaYBUcYLivlvzqhgKnWemjak5n2h7PxDtGFoHp"
                        },
                        "authentication": "@parameters('$authentication')"
                    },
                    "description": "Get the RSS feeds from the last 24 hours"
                },
                "Get_rows": {
                    "runAfter": {
                        "Set_first_feed_title": [
                            "Succeeded"
                        ]
                    },
                    "metadata": {
                        "1nHMDOjFTaf57hSpxp_8sfKBTS7zmRTRQvdBTEHvYpk4": "",
                        "flowSystemMetadata": {
                            "swaggerOperationId": "GetItems"
                        }
                    },
                    "type": "ApiConnection",
                    "inputs": {
                        "host": {
                            "connection": {
                                "name": "@parameters('$connections')['shared_googlesheet']['connectionId']"
                            },
                            "api": {
                                "runtimeUrl": "https://flow-apim-europe-001-francecentral-01.azure-apim.net/apim/googlesheet"
                            }
                        },
                        "method": "get",
                        "path": "/datasets/@{encodeURIComponent(encodeURIComponent('1nHMDOjFTaf57hSpxp_8sfKBTS7zmRTRQvdBTEHvYpk4'))}/tables/@{encodeURIComponent(encodeURIComponent('0'))}/items",
                        "authentication": "@parameters('$authentication')"
                    }
                },
                "Test_new_feeds": {
                    "actions": {},
                    "runAfter": {
                        "Get_rows": [
                            "Succeeded"
                        ]
                    },
                    "else": {
                        "actions": {
                            "Update_row": {
                                "runAfter": {},
                                "metadata": {
                                    "1nHMDOjFTaf57hSpxp_8sfKBTS7zmRTRQvdBTEHvYpk4": "",
                                    "flowSystemMetadata": {
                                        "swaggerOperationId": "PatchItem"
                                    }
                                },
                                "type": "ApiConnection",
                                "inputs": {
                                    "host": {
                                        "connection": {
                                            "name": "@parameters('$connections')['shared_googlesheet']['connectionId']"
                                        },
                                        "api": {
                                            "runtimeUrl": "https://flow-apim-europe-001-francecentral-01.azure-apim.net/apim/googlesheet"
                                        }
                                    },
                                    "method": "patch",
                                    "body": {
                                        "TwitterBot": "@variables('first_feed_title')"
                                    },
                                    "path": "/datasets/@{encodeURIComponent(encodeURIComponent('1nHMDOjFTaf57hSpxp_8sfKBTS7zmRTRQvdBTEHvYpk4'))}/tables/@{encodeURIComponent(encodeURIComponent('0'))}/items/@{encodeURIComponent(encodeURIComponent('1'))}",
                                    "authentication": "@parameters('$authentication')"
                                }
                            },
                            "For_each_RSS_item,_do": {
                                "foreach": "@body('List_all_RSS_feed_items')",
                                "actions": {
                                    "Set_item_title": {
                                        "runAfter": {},
                                        "type": "SetVariable",
                                        "inputs": {
                                            "name": "item_title",
                                            "value": "@items('For_each_RSS_item,_do')['title']"
                                        }
                                    },
                                    "Test_title_length": {
                                        "actions": {
                                            "Set_tweet_text_truncated": {
                                                "runAfter": {},
                                                "type": "SetVariable",
                                                "inputs": {
                                                    "name": "tweet_text",
                                                    "value": "@{substring(variables('item_title'), 0, 253)}...@{items('For_each_RSS_item,_do')?['primaryLink']}"
                                                }
                                            }
                                        },
                                        "runAfter": {
                                            "Set_item_title": [
                                                "Succeeded"
                                            ]
                                        },
                                        "else": {
                                            "actions": {
                                                "Set_tweet_text": {
                                                    "runAfter": {},
                                                    "type": "SetVariable",
                                                    "inputs": {
                                                        "name": "tweet_text",
                                                        "value": "@{items('For_each_RSS_item,_do')['title']} @{items('For_each_RSS_item,_do')?['primaryLink']}"
                                                    }
                                                }
                                            }
                                        },
                                        "expression": {
                                            "greater": [
                                                "@length(variables('item_title'))",
                                                256
                                            ]
                                        },
                                        "type": "If"
                                    },
                                    "Try": {
                                        "actions": {
                                            "Post_a_tweet": {
                                                "runAfter": {},
                                                "metadata": {
                                                    "flowSystemMetadata": {
                                                        "swaggerOperationId": "Tweet"
                                                    }
                                                },
                                                "type": "ApiConnection",
                                                "inputs": {
                                                    "host": {
                                                        "connection": {
                                                            "name": "@parameters('$connections')['shared_twitter']['connectionId']"
                                                        },
                                                        "api": {
                                                            "runtimeUrl": "https://flow-apim-europe-001-westeurope-01.azure-apim.net/apim/twitter"
                                                        }
                                                    },
                                                    "method": "post",
                                                    "path": "/posttweet",
                                                    "queries": {
                                                        "tweetText": "@variables('tweet_text')"
                                                    },
                                                    "authentication": "@parameters('$authentication')"
                                                }
                                            },
                                            "Sleep_a_bit": {
                                                "runAfter": {
                                                    "Post_a_tweet": [
                                                        "Succeeded"
                                                    ]
                                                },
                                                "type": "Wait",
                                                "inputs": {
                                                    "interval": {
                                                        "count": 5,
                                                        "unit": "Minute"
                                                    }
                                                }
                                            }
                                        },
                                        "runAfter": {
                                            "Test_title_length": [
                                                "Succeeded"
                                            ]
                                        },
                                        "type": "Scope"
                                    },
                                    "Catch": {
                                        "actions": {},
                                        "runAfter": {
                                            "Try": [
                                                "Failed"
                                            ]
                                        },
                                        "type": "Scope"
                                    }
                                },
                                "runAfter": {
                                    "Update_row": [
                                        "Succeeded"
                                    ]
                                },
                                "type": "Foreach"
                            }
                        }
                    },
                    "expression": {
                        "equals": [
                            "@variables('first_feed_title')",
                            "@body('get_rows')?['value']?[0]?['TwitterBot']"
                        ]
                    },
                    "type": "If",
                    "description": "If we have seen the title, we do nothing"
                }
            },
            "outputs": {}
        },
        "connectionReferences": {
            "shared_rss": {
                "connectionName": "f721985bc75b4880a8417a2789ccd773",
                "source": "Embedded",
                "id": "/providers/Microsoft.PowerApps/apis/shared_rss",
                "tier": "NotSpecified"
            },
            "shared_googlesheet": {
                "connectionName": "shared-googlesheet-1eb55d69-9be1-4a95-bb7f-55a2dbe98c97",
                "source": "Embedded",
                "id": "/providers/Microsoft.PowerApps/apis/shared_googlesheet",
                "tier": "NotSpecified"
            },
            "shared_twitter": {
                "connectionName": "shared-twitter-64cc1062-c49c-41d8-8768-dc0d3af3fc36",
                "source": "Embedded",
                "id": "/providers/Microsoft.PowerApps/apis/shared_twitter",
                "tier": "NotSpecified"
            }
        },
        "flowFailureAlertSubscribed": false
    }
}
